Age	S_Mean	S_Variance	S_STDDEV
44	47.12149638	439.9614325	20.97525763
25
50
89
55
42
28
52
59
19
84
50
40
75
19
53
49
65
59
68
87
65
74
32
39
52
48
57
67
76
74
36
58
38
18
79
36
70
65
32
90
88
68
29
32
59
20
53
42
82
24
78
87
53
31
19
83
89
60
37
38
48
52
48
50
26
78
79
65
29
35
Age
60
27
54
42
28
59
18
29
37
74
46
35
84
56
31
19
65
42
73
68
42
43
49
89
26
85
19
24
